PCB,test,metric,unit,value,note
PCB,T1_reposo,bytes_espurios,count,0,CH0
PCB,T1_reposo,bytes_espurios,count,0,CH1
PCB,T1_reposo,bytes_espurios,count,0,CH2
PCB,T1_reposo,bytes_espurios,count,0,CH3
PCB,T1_reposo,bytes_espurios,count,0,CH4
PCB,T1_reposo,bytes_espurios,count,0,CH5
PCB,T1_reposo,bytes_espurios,count,0,CH6
PCB,T1_reposo,bytes_espurios,count,0,CH7
PCB,T1_reposo,bytes_espurios,count,0,CH8
PCB,T1_reposo,bytes_espurios,count,0,CH9
PCB,T1_reposo,bytes_espurios,count,0,CH10
PCB,T1_reposo,bytes_espurios,count,0,CH11
PCB,T1_reposo,bytes_espurios,count,0,CH12
PCB,T1_reposo,bytes_espurios,count,0,CH13
PCB,T1_reposo,total_espurios,count,0,lineas en reposo, fail-safe OK
PCB,T2_matriz,bytes_ok,count,32,CH0->CH1
PCB,T2_matriz,bytes_ok,count,32,CH0->CH2
PCB,T2_matriz,bytes_ok,count,32,CH0->CH3
PCB,T2_matriz,bytes_ok,count,25,CH0->CH4
PCB,T2_matriz,bytes_ok,count,32,CH0->CH5
PCB,T2_matriz,bytes_ok,count,32,CH0->CH6
PCB,T2_matriz,bytes_ok,count,32,CH1->CH0
PCB,T2_matriz,bytes_ok,count,3,CH1->CH2
PCB,T2_matriz,bytes_ok,count,32,CH1->CH3
PCB,T2_matriz,bytes_ok,count,24,CH1->CH4
PCB,T2_matriz,bytes_ok,count,32,CH1->CH5
PCB,T2_matriz,bytes_ok,count,32,CH1->CH6
PCB,T2_matriz,bytes_ok,count,32,CH2->CH0
PCB,T2_matriz,bytes_ok,count,24,CH2->CH1
PCB,T2_matriz,bytes_ok,count,32,CH2->CH3
PCB,T2_matriz,bytes_ok,count,32,CH2->CH4
PCB,T2_matriz,bytes_ok,count,32,CH2->CH5
PCB,T2_matriz,bytes_ok,count,32,CH2->CH6
PCB,T2_matriz,bytes_ok,count,32,CH3->CH0
PCB,T2_matriz,bytes_ok,count,21,CH3->CH1
PCB,T2_matriz,bytes_ok,count,23,CH3->CH2
PCB,T2_matriz,bytes_ok,count,3,CH3->CH4
PCB,T2_matriz,bytes_ok,count,32,CH3->CH5
PCB,T2_matriz,bytes_ok,count,32,CH3->CH6
PCB,T2_matriz,bytes_ok,count,32,CH4->CH0
PCB,T2_matriz,bytes_ok,count,32,CH4->CH1
PCB,T2_matriz,bytes_ok,count,32,CH4->CH2
PCB,T2_matriz,bytes_ok,count,32,CH4->CH3
PCB,T2_matriz,bytes_ok,count,32,CH4->CH5
PCB,T2_matriz,bytes_ok,count,32,CH4->CH6
PCB,T2_matriz,bytes_ok,count,32,CH5->CH0
PCB,T2_matriz,bytes_ok,count,32,CH5->CH1
PCB,T2_matriz,bytes_ok,count,32,CH5->CH2
PCB,T2_matriz,bytes_ok,count,32,CH5->CH3
PCB,T2_matriz,bytes_ok,count,4,CH5->CH4
PCB,T2_matriz,bytes_ok,count,32,CH5->CH6
PCB,T2_matriz,bytes_ok,count,32,CH6->CH0
PCB,T2_matriz,bytes_ok,count,32,CH6->CH1
PCB,T2_matriz,bytes_ok,count,3,CH6->CH2
PCB,T2_matriz,bytes_ok,count,32,CH6->CH3
PCB,T2_matriz,bytes_ok,count,2,CH6->CH4
PCB,T2_matriz,bytes_ok,count,32,CH6->CH5
PCB,T2_matriz,bytes_ok,count,32,CH7->CH8
PCB,T2_matriz,bytes_ok,count,32,CH7->CH9
PCB,T2_matriz,bytes_ok,count,32,CH7->CH10
PCB,T2_matriz,bytes_ok,count,32,CH8->CH7
PCB,T2_matriz,bytes_ok,count,32,CH9->CH7
PCB,T2_matriz,bytes_ok,count,32,CH10->CH7
PCB,T2_matriz,bytes_ok,count,32,CH11->CH12
PCB,T2_matriz,bytes_ok,count,32,CH11->CH13
PCB,T2_matriz,bytes_ok,count,32,CH12->CH11
PCB,T2_matriz,bytes_ok,count,32,CH13->CH11
PCB,T2_matriz,enlaces_ok,count,52,de los esperados por los jumpers
PCB,T2_matriz,enlaces_esperados,count,60,
PCB,T2_matriz,enlaces_faltan,count,8,esperados que no se oyen: cableado o driver muerto
PCB,T2_matriz,enlaces_extra,count,0,no esperados que se oyen: cruce entre buses
PCB,T3_multidrop,esclavos_integros,count,6,9600
PCB,T3_multidrop,esclavos_parciales,count,0,9600
PCB,T3_multidrop,esclavos_integros,count,6,115200
PCB,T3_multidrop,esclavos_parciales,count,0,115200
PCB,T3_multidrop,esclavos_integros,count,6,460800
PCB,T3_multidrop,esclavos_parciales,count,0,460800
PCB,T3_multidrop,esclavos_integros,count,5,921600
PCB,T3_multidrop,esclavos_parciales,count,1,921600
PCB,T3_multidrop,esclavos_integros,count,0,1M
PCB,T3_multidrop,esclavos_parciales,count,6,1M
PCB,T3_multidrop,esclavos_integros,count,0,2M
PCB,T3_multidrop,esclavos_parciales,count,0,2M
PCB,T3_multidrop,esclavos_integros,count,0,3M
PCB,T3_multidrop,esclavos_parciales,count,0,3M
PCB,T3_multidrop,esclavos_integros,count,0,4M
PCB,T3_multidrop,esclavos_parciales,count,1,4M
PCB,T4_velocidad,bytes_ok,count,1024,9600 busA(RS485-multidrop) SLO=OFF
PCB,T4_velocidad,bytes_rx,count,1024,9600 busA(RS485-multidrop) SLO=OFF
PCB,T4_velocidad,ber,ppm,0,9600 busA(RS485-multidrop) SLO=OFF
PCB,T4_velocidad,bytes_ok,count,1024,115200 busA(RS485-multidrop) SLO=OFF
PCB,T4_velocidad,bytes_rx,count,1024,115200 busA(RS485-multidrop) SLO=OFF
PCB,T4_velocidad,ber,ppm,0,115200 busA(RS485-multidrop) SLO=OFF
PCB,T4_velocidad,bytes_ok,count,1024,460800 busA(RS485-multidrop) SLO=OFF
PCB,T4_velocidad,bytes_rx,count,1024,460800 busA(RS485-multidrop) SLO=OFF
PCB,T4_velocidad,ber,ppm,0,460800 busA(RS485-multidrop) SLO=OFF
PCB,T4_velocidad,bytes_ok,count,970,921600 busA(RS485-multidrop) SLO=OFF
PCB,T4_velocidad,bytes_rx,count,1014,921600 busA(RS485-multidrop) SLO=OFF
PCB,T4_velocidad,ber,ppm,52734,921600 busA(RS485-multidrop) SLO=OFF
PCB,T4_velocidad,bytes_ok,count,1008,1M busA(RS485-multidrop) SLO=OFF
PCB,T4_velocidad,bytes_rx,count,1024,1M busA(RS485-multidrop) SLO=OFF
PCB,T4_velocidad,ber,ppm,15625,1M busA(RS485-multidrop) SLO=OFF
PCB,T4_velocidad,bytes_ok,count,0,2M busA(RS485-multidrop) SLO=OFF
PCB,T4_velocidad,bytes_rx,count,512,2M busA(RS485-multidrop) SLO=OFF
PCB,T4_velocidad,ber,ppm,1000000,2M busA(RS485-multidrop) SLO=OFF
PCB,T4_velocidad,baud_max_sin_errores,bps,460800,busA(RS485-multidrop) SLO=OFF
PCB,T4_velocidad,bytes_ok,count,1024,9600 busB(RS422) SLO=OFF
PCB,T4_velocidad,bytes_rx,count,1024,9600 busB(RS422) SLO=OFF
PCB,T4_velocidad,ber,ppm,0,9600 busB(RS422) SLO=OFF
PCB,T4_velocidad,bytes_ok,count,1024,115200 busB(RS422) SLO=OFF
PCB,T4_velocidad,bytes_rx,count,1024,115200 busB(RS422) SLO=OFF
PCB,T4_velocidad,ber,ppm,0,115200 busB(RS422) SLO=OFF
PCB,T4_velocidad,bytes_ok,count,1024,460800 busB(RS422) SLO=OFF
PCB,T4_velocidad,bytes_rx,count,1024,460800 busB(RS422) SLO=OFF
PCB,T4_velocidad,ber,ppm,0,460800 busB(RS422) SLO=OFF
PCB,T4_velocidad,bytes_ok,count,1024,921600 busB(RS422) SLO=OFF
PCB,T4_velocidad,bytes_rx,count,1024,921600 busB(RS422) SLO=OFF
PCB,T4_velocidad,ber,ppm,0,921600 busB(RS422) SLO=OFF
PCB,T4_velocidad,bytes_ok,count,1024,1M busB(RS422) SLO=OFF
PCB,T4_velocidad,bytes_rx,count,1024,1M busB(RS422) SLO=OFF
PCB,T4_velocidad,ber,ppm,0,1M busB(RS422) SLO=OFF
PCB,T4_velocidad,bytes_ok,count,0,2M busB(RS422) SLO=OFF
PCB,T4_velocidad,bytes_rx,count,432,2M busB(RS422) SLO=OFF
PCB,T4_velocidad,ber,ppm,1000000,2M busB(RS422) SLO=OFF
PCB,T4_velocidad,baud_max_sin_errores,bps,1000000,busB(RS422) SLO=OFF
PCB,T4_velocidad,bytes_ok,count,1024,9600 busC(RS422) SLO=OFF
PCB,T4_velocidad,bytes_rx,count,1024,9600 busC(RS422) SLO=OFF
PCB,T4_velocidad,ber,ppm,0,9600 busC(RS422) SLO=OFF
PCB,T4_velocidad,bytes_ok,count,1024,115200 busC(RS422) SLO=OFF
PCB,T4_velocidad,bytes_rx,count,1024,115200 busC(RS422) SLO=OFF
PCB,T4_velocidad,ber,ppm,0,115200 busC(RS422) SLO=OFF
PCB,T4_velocidad,bytes_ok,count,1024,460800 busC(RS422) SLO=OFF
PCB,T4_velocidad,bytes_rx,count,1024,460800 busC(RS422) SLO=OFF
PCB,T4_velocidad,ber,ppm,0,460800 busC(RS422) SLO=OFF
PCB,T4_velocidad,bytes_ok,count,1024,921600 busC(RS422) SLO=OFF
PCB,T4_velocidad,bytes_rx,count,1024,921600 busC(RS422) SLO=OFF
PCB,T4_velocidad,ber,ppm,0,921600 busC(RS422) SLO=OFF
PCB,T4_velocidad,bytes_ok,count,1024,1M busC(RS422) SLO=OFF
PCB,T4_velocidad,bytes_rx,count,1024,1M busC(RS422) SLO=OFF
PCB,T4_velocidad,ber,ppm,0,1M busC(RS422) SLO=OFF
PCB,T4_velocidad,bytes_ok,count,0,2M busC(RS422) SLO=OFF
PCB,T4_velocidad,bytes_rx,count,416,2M busC(RS422) SLO=OFF
PCB,T4_velocidad,ber,ppm,1000000,2M busC(RS422) SLO=OFF
PCB,T4_velocidad,baud_max_sin_errores,bps,1000000,busC(RS422) SLO=OFF
PCB,T5_slo,bytes_ok,count,1024,9600 busA(RS485-multidrop) SLO=ON
PCB,T5_slo,bytes_rx,count,1024,9600 busA(RS485-multidrop) SLO=ON
PCB,T5_slo,ber,ppm,0,9600 busA(RS485-multidrop) SLO=ON
PCB,T5_slo,bytes_ok,count,1024,115200 busA(RS485-multidrop) SLO=ON
PCB,T5_slo,bytes_rx,count,1024,115200 busA(RS485-multidrop) SLO=ON
PCB,T5_slo,ber,ppm,0,115200 busA(RS485-multidrop) SLO=ON
PCB,T5_slo,bytes_ok,count,1024,460800 busA(RS485-multidrop) SLO=ON
PCB,T5_slo,bytes_rx,count,1024,460800 busA(RS485-multidrop) SLO=ON
PCB,T5_slo,ber,ppm,0,460800 busA(RS485-multidrop) SLO=ON
PCB,T5_slo,bytes_ok,count,1024,921600 busA(RS485-multidrop) SLO=ON
PCB,T5_slo,bytes_rx,count,1024,921600 busA(RS485-multidrop) SLO=ON
PCB,T5_slo,ber,ppm,0,921600 busA(RS485-multidrop) SLO=ON
PCB,T5_slo,bytes_ok,count,1024,1M busA(RS485-multidrop) SLO=ON
PCB,T5_slo,bytes_rx,count,1024,1M busA(RS485-multidrop) SLO=ON
PCB,T5_slo,ber,ppm,0,1M busA(RS485-multidrop) SLO=ON
PCB,T5_slo,bytes_ok,count,1024,2M busA(RS485-multidrop) SLO=ON
PCB,T5_slo,bytes_rx,count,1024,2M busA(RS485-multidrop) SLO=ON
PCB,T5_slo,ber,ppm,0,2M busA(RS485-multidrop) SLO=ON
PCB,T5_slo,bytes_ok,count,1024,3M busA(RS485-multidrop) SLO=ON
PCB,T5_slo,bytes_rx,count,1024,3M busA(RS485-multidrop) SLO=ON
PCB,T5_slo,ber,ppm,0,3M busA(RS485-multidrop) SLO=ON
PCB,T5_slo,bytes_ok,count,1024,4M busA(RS485-multidrop) SLO=ON
PCB,T5_slo,bytes_rx,count,1024,4M busA(RS485-multidrop) SLO=ON
PCB,T5_slo,ber,ppm,0,4M busA(RS485-multidrop) SLO=ON
PCB,T5_slo,baud_max_sin_errores,bps,4000000,busA(RS485-multidrop) SLO=ON
PCB,T5_slo,baud_max_con_slo,bps,4000000,busA(RS485-multidrop) SLO_OFF=460800 bps
PCB,T5_slo,bytes_ok,count,1024,9600 busB(RS422) SLO=ON
PCB,T5_slo,bytes_rx,count,1024,9600 busB(RS422) SLO=ON
PCB,T5_slo,ber,ppm,0,9600 busB(RS422) SLO=ON
PCB,T5_slo,bytes_ok,count,1024,115200 busB(RS422) SLO=ON
PCB,T5_slo,bytes_rx,count,1024,115200 busB(RS422) SLO=ON
PCB,T5_slo,ber,ppm,0,115200 busB(RS422) SLO=ON
PCB,T5_slo,bytes_ok,count,1024,460800 busB(RS422) SLO=ON
PCB,T5_slo,bytes_rx,count,1024,460800 busB(RS422) SLO=ON
PCB,T5_slo,ber,ppm,0,460800 busB(RS422) SLO=ON
PCB,T5_slo,bytes_ok,count,1024,921600 busB(RS422) SLO=ON
PCB,T5_slo,bytes_rx,count,1024,921600 busB(RS422) SLO=ON
PCB,T5_slo,ber,ppm,0,921600 busB(RS422) SLO=ON
PCB,T5_slo,bytes_ok,count,1024,1M busB(RS422) SLO=ON
PCB,T5_slo,bytes_rx,count,1024,1M busB(RS422) SLO=ON
PCB,T5_slo,ber,ppm,0,1M busB(RS422) SLO=ON
PCB,T5_slo,bytes_ok,count,1024,2M busB(RS422) SLO=ON
PCB,T5_slo,bytes_rx,count,1024,2M busB(RS422) SLO=ON
PCB,T5_slo,ber,ppm,0,2M busB(RS422) SLO=ON
PCB,T5_slo,bytes_ok,count,1024,3M busB(RS422) SLO=ON
PCB,T5_slo,bytes_rx,count,1024,3M busB(RS422) SLO=ON
PCB,T5_slo,ber,ppm,0,3M busB(RS422) SLO=ON
PCB,T5_slo,bytes_ok,count,1024,4M busB(RS422) SLO=ON
PCB,T5_slo,bytes_rx,count,1024,4M busB(RS422) SLO=ON
PCB,T5_slo,ber,ppm,0,4M busB(RS422) SLO=ON
PCB,T5_slo,baud_max_sin_errores,bps,4000000,busB(RS422) SLO=ON
PCB,T5_slo,baud_max_con_slo,bps,4000000,busB(RS422) SLO_OFF=1000000 bps
PCB,T5_slo,bytes_ok,count,1024,9600 busC(RS422) SLO=ON
PCB,T5_slo,bytes_rx,count,1024,9600 busC(RS422) SLO=ON
PCB,T5_slo,ber,ppm,0,9600 busC(RS422) SLO=ON
PCB,T5_slo,bytes_ok,count,1024,115200 busC(RS422) SLO=ON
PCB,T5_slo,bytes_rx,count,1024,115200 busC(RS422) SLO=ON
PCB,T5_slo,ber,ppm,0,115200 busC(RS422) SLO=ON
PCB,T5_slo,bytes_ok,count,1024,460800 busC(RS422) SLO=ON
PCB,T5_slo,bytes_rx,count,1024,460800 busC(RS422) SLO=ON
PCB,T5_slo,ber,ppm,0,460800 busC(RS422) SLO=ON
PCB,T5_slo,bytes_ok,count,1024,921600 busC(RS422) SLO=ON
PCB,T5_slo,bytes_rx,count,1024,921600 busC(RS422) SLO=ON
PCB,T5_slo,ber,ppm,0,921600 busC(RS422) SLO=ON
PCB,T5_slo,bytes_ok,count,1024,1M busC(RS422) SLO=ON
PCB,T5_slo,bytes_rx,count,1024,1M busC(RS422) SLO=ON
PCB,T5_slo,ber,ppm,0,1M busC(RS422) SLO=ON
PCB,T5_slo,bytes_ok,count,1024,2M busC(RS422) SLO=ON
PCB,T5_slo,bytes_rx,count,1024,2M busC(RS422) SLO=ON
PCB,T5_slo,ber,ppm,0,2M busC(RS422) SLO=ON
PCB,T5_slo,bytes_ok,count,1024,3M busC(RS422) SLO=ON
PCB,T5_slo,bytes_rx,count,1024,3M busC(RS422) SLO=ON
PCB,T5_slo,ber,ppm,0,3M busC(RS422) SLO=ON
PCB,T5_slo,bytes_ok,count,1024,4M busC(RS422) SLO=ON
PCB,T5_slo,bytes_rx,count,1024,4M busC(RS422) SLO=ON
PCB,T5_slo,ber,ppm,0,4M busC(RS422) SLO=ON
PCB,T5_slo,baud_max_sin_errores,bps,4000000,busC(RS422) SLO=ON
PCB,T5_slo,baud_max_con_slo,bps,4000000,busC(RS422) SLO_OFF=1000000 bps
PCB,T6_turnaround,respuestas_integras,count,8,guard=0us
PCB,T6_turnaround,respuestas_integras,count,8,guard=10us
PCB,T6_turnaround,respuestas_integras,count,8,guard=25us
PCB,T6_turnaround,respuestas_integras,count,8,guard=50us
PCB,T6_turnaround,respuestas_integras,count,8,guard=100us
PCB,T6_turnaround,respuestas_integras,count,8,guard=250us
PCB,T6_turnaround,respuestas_integras,count,8,guard=500us
PCB,T6_turnaround,respuestas_integras,count,8,guard=1000us
PCB,T6_turnaround,guard_minimo,us,0,menor guard con 8/8 respuestas integras
PCB,T7_diafonia,total_fuga,count,0,ráfaga de 128 B a 460800 bps en bus A
PCB,T8_colision,bytes_oidos,count,14,el maestro escucha la colision
PCB,T8_colision,trama_corrupta,bool,1,colision detectada, como debe ser
PCB,T8_colision,recuperado,bool,1,intercambio limpio tras la colision
PCB,T9_estabilidad,tramas,count,6781,busA(RS485-multidrop) a 460800 bps, 10 s
PCB,T9_estabilidad,bytes_ok,count,433920,busA(RS485-multidrop) a 460800 bps, 10 s
PCB,T9_estabilidad,bytes_total,count,433984,busA(RS485-multidrop) a 460800 bps, 10 s
PCB,T9_estabilidad,ber,ppm,147,busA(RS485-multidrop) a 460800 bps, 10 s
PCB,T9_estabilidad,errores_hw,count,2147639,busA(RS485-multidrop) a 460800 bps, 10 s
PCB,T9_estabilidad,tramas,count,14408,busB(RS422) a 1000000 bps, 10 s
PCB,T9_estabilidad,bytes_ok,count,922112,busB(RS422) a 1000000 bps, 10 s
PCB,T9_estabilidad,bytes_total,count,922112,busB(RS422) a 1000000 bps, 10 s
PCB,T9_estabilidad,ber,ppm,0,busB(RS422) a 1000000 bps, 10 s
PCB,T9_estabilidad,errores_hw,count,3983669,busB(RS422) a 1000000 bps, 10 s
PCB,T9_estabilidad,tramas,count,14466,busC(RS422) a 1000000 bps, 10 s
PCB,T9_estabilidad,bytes_ok,count,925824,busC(RS422) a 1000000 bps, 10 s
PCB,T9_estabilidad,bytes_total,count,925824,busC(RS422) a 1000000 bps, 10 s
PCB,T9_estabilidad,ber,ppm,0,busC(RS422) a 1000000 bps, 10 s
PCB,T9_estabilidad,errores_hw,count,4905187,busC(RS422) a 1000000 bps, 10 s
PCB,resumen,fallos_tx_total,count,0,envios que la DMA no completo: fallo de transporte, NO del bus
